{"web":{"client_id":"1002157549255-ata6dbn3gob177l9romh8v14f0pl5m9u.apps.googleusercontent.com","project_id":"patrickparkison-restaurants","auth_uri":"https://accounts.google.com/o/oauth2/auth","token_uri":"https://accounts.google.com/o/oauth2/token","auth_provider_x509_cert_url":"https://www.googleapis.com/oauth2/v1/certs","client_secret":"y05QEgfjNpnLpBEhYUQvwHTq","redirect_uris":["http://localhost:5000/login","http://localhost:5000/gconnect"],"javascript_origins":["http://localhost:5000","http://0.0.0.0:5000"]}}